id;company_uid;company_name;partner_uid;account_id;title;location_id;speed;jhi_rank;bandwidth;location_name;location_metro;port_id;type;name;description;service_key;rate_limit;price;uuid;product_uid;re_tagged_vlan_id;provisioning_status;vlan_id_a;vlan_id_b;vlan_id_s;ntu_id;user_ip;firewall_price;firewall_status;state;b_end_product_uid;partner_type;circuit_type;user_subnet;my_gw;active_port_gw;aws_auth_key;aws_ip;asn;peer_asn;vxc_type
1;Colombian Peso Unidad de Valor Real Chips;back-end;Research Wyoming;transmitting Personal Loan Account Customer;IB impactful;93308;12154;69814;6058;Yemeni Rial Oregon;virtual Implementation Licensed;34261;IBM;Plastic Credit Card Account Refined;COM Handmade Wooden Tuna JBOD;Data;96666;contextually-based Steel;transmitting Island payment;Kyat Generic Intelligent;37026;APPROVED;95399;45694;46583;26881;Fantastic Concrete Soap;Visionary Auto Loan Account;FAILED;DISABLED;Configuration;MEGAPORT;ROUTING_NAT;Specialist Singapore Dollar;synthesize neutral repurpose;foreground;application Computers;New Mexico multi-byte;75320;61179;SECONDARY
2;Soap Customizable;Colorado;Small Fresh Cheese channels Home;Agent;Berkshire generating;85916;91038;44765;73251;Computers Tuna;Clothing Investor;31;ZETTA_INTERNET;Zloty zero tolerance;virtual Maryland;Tunisia envisioneer Business-focused;86096;Soap Curve;back-end Australian Dollar;Personal Loan Account payment bricks-and-clicks;8777;SLEEP;80809;17986;64838;50660;Practical Cotton Chair synthesize Kids;ADP;IN_PROGRESS;DISABLED;Awesome;ISP;ROUTING_ROUTE;Accounts;Brunei Dollar Ball Handmade;US Dollar Multi-channelled;Wallis and Futuna;deposit;91550;19108;SECONDARY
3;Lead Buckinghamshire;bandwidth-monitored Nebraska;New York embrace indexing;Gorgeous Granite Tuna;Baby systems;7846;68332;9279;15216;Kenya Table;white;45362;INTERNET_LAYER3;indexing;card;Valleys;7215;Gorgeous;Home Loan Account index Louisiana;Data Bedfordshire;69301;LIVE;60678;2355;29517;49958;magenta repurpose;indexing;ENABLED;ON_HOLD;invoice Versatile North Carolina;ZETTA;ROUTING_NAT;quantify withdrawal;Tanzania;Direct;Refined Plastic Car RSS;Berkshire Idaho Buckinghamshire;50693;71209;PRIMARY
4;Cotton;Ethiopia;Outdoors matrix;Aruban Guilder technologies uniform;auxiliary recontextualize deposit;95442;57576;25944;22722;Customer-focused salmon;compress;11452;AZURE;Tasty;Buckinghamshire;drive deposit;55829;Distributed;override Quality Balboa US Dollar;magnetic;8876;CANCELLED_PARENT;70746;62903;13302;34287;Keyboard;infrastructures;DISABLED;ACTIVE;Wooden artificial intelligence web-readiness;ISP;ROUTING_NAT;Morocco Mouse Borders;Afghanistan Fresh compelling;Jewelery payment;synergize calculating;empowering withdrawal;30418;39666;PRIMARY
5;Checking Account driver;6th generation matrices;Legacy Villages Fresh;generating override;Lead Director;62300;38774;52469;11794;navigating hack withdrawal;Money Market Account deposit Kids;37738;MCON;Dynamic Nauru systems;feed Multi-channelled Virginia;Frozen e-commerce;12550;Unbranded Granite Sausages Delaware Louisiana;bypass SDD actuating;Fords;3731;PRE_APPROVED;963;87699;18511;15863;Keyboard parse;partnerships;IN_PROGRESS;DISABLED;Supervisor Ports;MEGAPORT;ROUTING_NAT;extensible cross-media;Accountability;generate SSL back-end;Frozen;invoice capacitor copy;21192;16953;PRIMARY
6;Gorgeous Director Mouse;payment;Data Fiji Dollar;engage black Chips;Congo Proactive Manat;25499;59688;38323;21105;deposit;payment Senior card;56486;ALIBABA;dedicated;Jamaican Dollar Borders copying;Saint Lucia;49775;whiteboard XSS;complexity primary users;Plastic monitor;45633;DECOMMISSIONED;92198;29052;69833;46344;Checking Account Kenyan Shilling Djibouti Franc;invoice District;ENABLED;DISABLED;Frozen Borders Steel;ISP;VLAN;USB Kyat;Money Market Account User-centric;Internal;synergize Keys Shirt;payment;25603;67900;SECONDARY
7;bypass;Car experiences payment;Singapore withdrawal;Soft;Indiana withdrawal Slovenia;47496;72986;9936;96651;Stand-alone Fantastic Fresh Tuna;Legacy solutions;76925;DNS_FILTER;white Regional;Borders;Plaza bus;77057;Outdoors Producer intuitive;Refined Soft Computer;compress online;12069;LIVE;60657;30615;67024;42741;Checking Account;Cambridgeshire Massachusetts;ENABLED;DISABLED;North Korean Won content;MEGAPORT;ROUTING_NAT;user-centric Mouse synthesize;interface;encoding;Savings Account;Missouri efficient;91408;59858;PRIMARY
8;Rubber Health Senegal;Health online;SMTP Lek;Guyana Dollar Car;Incredible;49918;12783;83222;99312;alarm XML e-commerce;Delaware;5038;AZURE_PUBLIC;orchestrate Sausages Gorgeous;Western Sahara bandwidth payment;USB;67721;Argentine Peso;partnerships utilize;Refined plum;94750;IN_PROGRESS;92133;12805;8781;32970;red CFA Franc BCEAO withdrawal;Benin;IN_PROGRESS;ACTIVE;Delaware;MEGAPORT;ROUTING_NAT;optical Minnesota deposit;programming sexy Switchable;orchid;system Shoes;navigate feed Awesome Granite Chips;59573;20364;PRIMARY
9;Place transparent;Rubber invoice;Garden;white Bermudian Dollar (customarily known as Bermuda Dollar);Salad Ville;22810;48787;45956;86561;Afghanistan Table neural-net;Metal;3935;INTERNET_LAYER3;Sri Lanka Rupee Computers transmit;encoding Syrian Pound lime;Lithuanian Litas Handmade haptic;65743;Automotive;Ameliorated Cocos (Keeling) Islands;neural-net Legacy;10545;DESIGN;36824;48037;77985;34067;Saint Helena Pound integrate;Savings Account Representative;FAILED;DESIGN;methodologies Shoes;MEGAPORT;VLAN;Pants;Health Toys;Outdoors;California forecast;Georgia global;17077;37184;SECONDARY
10;functionalities Quality;Granite withdrawal;Administrator invoice communities;application GB Small;back-end;24577;28942;98388;96071;North Korean Won interface Philippine Peso;action-items Graphical User Interface Rustic;4195;AZURE_MICROSOFT;Human Integration;Home Loan Account Locks transmit;Awesome Computers incremental;42672;Concrete Small Liaison;Awesome Concrete Bacon;Intranet input;74729;IN_PROGRESS;15391;27249;21298;88402;Communications Operations Frozen;withdrawal transparent SAS;FAILED;ON_HOLD;withdrawal Handcrafted;MEGAPORT;VLAN;Rand Loti Granite Philippine Peso;deposit Fresh;deposit service-desk payment;Handmade Cotton Salad SDD ivory;Malagasy Ariary Integration Solutions;94127;43306;SECONDARY
