id;name;host_id;description;serial_number;ip_address;company_name;host_name;lo_ip;category;alarm_email_addresses;metric_collection;security_collection;alarm_collection;trend_collection;syslog_collection;config_backup;update_oneconfig;firmware_version;running_config;config_id;endpoint;rest_username;rest_password;rest_enabled;auto_rollback;mode;time_zone;min_rate;max_rate;default_rate;enable_bod;burst_time;secondlink_port
1;Burg;parsing Practical Rubber Towels;copying;value-added Reverse-engineered;Springs;Ergonomic Florida;web-readiness hierarchy;JBOD Books Home Loan Account;Wisconsin Identity;Refined;true;false;true;false;false;false;true;Kansas;one-to-one;Lodge Dynamic;Mauritius Rupee Savings Account;Borders solid state;Total knowledge user;false;false;BRIDGE;Accounts;3564;1695;76711;true;469;metrics Specialist
2;TCP Fantastic;syndicate application optimize;recontextualize;scalable Strategist;Fresh cross-platform;Future Texas portals;index Soft;portals interfaces;Fresh indexing metrics;Sports UIC-Franc Personal Loan Account;true;true;false;false;true;false;true;Buckinghamshire;Implementation sexy;parse Kuwaiti Dinar;Concrete Guyana Dollar Grenada;Gorgeous;Frozen Frozen;true;false;SD_WAN;core;79234;43768;68306;true;844;User-centric Borders
3;User-friendly navigating;SAS;enhance withdrawal Shirt;neural;deploy Mozambique niches;invoice ivory Investment Account;auxiliary Optimization Assistant;Buckinghamshire;Generic Cuba;South Dakota;true;false;true;false;true;true;true;parse New Zealand;Metal Cotton Legacy;drive JBOD;Corporate grey;Singapore Dollar;Alaska Credit Card Account Directives;true;true;BRIDGE;Quality driver;82530;76861;26081;false;96;SDR
4;Rustic Fresh Fish;HTTP Ergonomic Marshall Islands;leading edge Concrete Chips;withdrawal quantifying Saint Martin;Communications;reinvent;encryption;extensible Cambridgeshire redefine;cohesive;forecast;false;false;false;true;true;false;false;Buckinghamshire Coordinator networks;Minnesota Rufiyaa;Ergonomic Granite Towels;Strategist Jewelery Hat;Georgia;invoice;false;false;MANAGED;Incredible SMTP;35893;56479;35426;true;372;Handcrafted
5;Generic SMTP User-centric;Soft Quality;Multi-tiered violet;payment Up-sized;Towels;Tunnel Tasty Metal Towels Assistant;next generation bluetooth end-to-end;compressing Uganda Shilling;yellow iterate payment;digital;true;true;false;false;true;true;false;IB;connect Field Paradigm;copying Program;Sleek;Architect Personal Loan Account;invoice;true;false;SD_WAN;capability Cambridgeshire;63758;50810;91510;false;894;success
6;New Leu Manager;Product override;Electronics;cross-platform Movies;card Burg Handcrafted;reinvent;next generation SMS programming;Consultant Salad protocol;Pants;bandwidth;false;false;true;true;true;false;false;solid state;Producer;Concrete Electronics Ergonomic Wooden Ball;end-to-end;Handmade Fresh Hat Dynamic Progressive;indigo Wooden Nepalese Rupee;false;true;CLOUD;e-commerce;89128;93285;36427;true;917;Land
7;Michigan;XML;Kansas Music;Markets;Cambridgeshire United States of America;withdrawal;indigo deposit Berkshire;systems;AGP invoice driver;Rubber Optimization;false;true;true;true;false;true;true;THX;Programmable;Fantastic Cotton Gloves Wooden;Bacon iterate;Realigned withdrawal Executive;Garden e-business;true;false;EDGE;throughput hack;73282;40864;287;true;724;scalable Cotton
8;Beauty;compress transmit;Home Loan Account;SMTP;channels Forward bi-directional;Forward Generic Street;Oregon;HTTP;Buckinghamshire Frozen;Savings Account systems;false;true;false;true;false;false;true;e-business Tasty generating;synthesizing;Licensed;24/7 interface Human;Mountains programming;reboot SMTP zero tolerance;true;false;CLOUD;Dynamic;39809;43535;35601;true;668;attitude
9;navigate Pizza;Pants;e-services;Wooden Internal Manager;e-business;Cambridgeshire upward-trending;SMTP;Handmade Steel Pizza;CFA Franc BEAC payment monitor;payment back-end;false;true;false;true;true;false;false;Maryland Missouri;Plastic Decentralized Metal;copy;Loaf Azerbaijanian Manat neural;24/7 payment;Progressive digital invoice;true;false;MANAGED;Computers;18254;1617;58321;true;810;next generation B2B Legacy
10;bandwidth Facilitator;Salad;Licensed Concrete Keyboard transmit;Ethiopia;quantifying;Organized auxiliary Tasty;withdrawal orchid hard drive;PNG Chips cohesive;Manager card;expedite Fort;false;false;false;true;true;true;false;transform infomediaries enhance;transmitting;Persistent;function Multi-lateral Rubber;Chief indexing harness;JBOD Personal Loan Account Customer;true;false;SD_WAN;Universal;92149;43526;33686;false;379;Specialist National
